Titulo;Publicacao
Informática e lígica de programaçào;02/01/2014
Mitos sobre a fundaçào dos Estados Unidos;04/01/2014
Carlos Alberto Dias;04/01/2014
Saúde pela alimentaçào;06/01/2014
Enciclopédia de estudos euclidianos;08/01/2014
Textbook of comparative histology;09/01/2014
Torres para linhas de transmissào;10/01/2014
Inseminaçào artificial humana;10/01/2014
Fragmentos imagens memírias;11/01/2014
Estatuários, catolicismo e gauchismo;12/01/2014
Validaçào de protocolo de assistência para pessoas com úlcera venosa na atençào primária;12/01/2014
Introduçào à  contabilidade;12/01/2014
Chapadào do bugre;13/01/2014
Direito à  morte com dignidade e autonomia;14/01/2014
Ero-guro;15/01/2014
Growth and ecology of fish populations;16/01/2014
Lavoisier Maia;16/01/2014
Culturas e diásporas africanas;16/01/2014
Cibercultura e pís-humanismo;16/01/2014
"""Por que é importante ajudar os filhos a """"dar a volta"""" por cima?""";18/01/2014
Da clausura do fora ao fora da clausura;18/01/2014
Histírias intimas;19/01/2014
Fabric testing;19/01/2014
Bom dia América de 500 anos;20/01/2014
Introduction to data acquisition with LabVIEW;20/01/2014
Zee;20/01/2014
Produçào de conteúdo nacional para mâdias digitais;21/01/2014
Traité de droit international public;21/01/2014
Evoluçào top-hat hidrodinâmica em campos de velocidades peculiares primordiais;22/01/2014
Heidegger;23/01/2014
O serviço social na contemporaneidade;23/01/2014
O alvissareiro;23/01/2014
Engenharia econômica e finanças;25/01/2014
Temas transversais;27/01/2014
Infecçoes em odontologia;28/01/2014
Como passar em concursos jurâdicos;01/02/2014
Programaçào e resumos [do] XXIV ENEMP -;02/02/2014
Análise da percepçào da qualidade ambiental e de serviços turâsticos em Joào PessoaPB;02/02/2014
Nelson Wiegert;03/02/2014
Poemas & hâbridos;05/02/2014
Nutriçào clânica;06/02/2014
Responsabilidade social e gestào ambiental;06/02/2014
Qualidade;06/02/2014
O único final feliz para uma histíria de amor é um acidente;07/02/2014
Astrologia;07/02/2014
The Communist policy of terror. -;09/02/2014
Marechal Deodoro;10/02/2014
Incorporaçào de montmorilonita organofâlica em termoplásticos para a produçào de nanocompí;11/02/2014
Cartilha erosào;13/02/2014
Direitos humanos e sua proteçào;14/02/2014
Estudo das variáveis de processamento das matérias-primas da regiào do Crato-CE na fabrica;15/02/2014
Mercados globais, histírias nacionais;16/02/2014
A autonomia universitária no estado contemporâneo e no direito positivo brasileiro;17/02/2014
A linguagem esquecida;18/02/2014
20 anos de pesquisas sobre aborto no Brasil;19/02/2014
Fundamentos do direito;19/02/2014
Métis;21/02/2014
Dom Quixote de la Mancha;21/02/2014
Programaçào COBOL;22/02/2014
A escola da vida;22/02/2014
"""Filtro KLDVS para atenuaçào do ruâdo """"ground roll""""""";23/02/2014
A terra e os devaneios da vontade;24/02/2014
Historia general de la música;24/02/2014
Element of risk;26/02/2014
Desenvolvimento de talentos e altas habilidades;28/02/2014
O ensino superior no Brasil e em Portugal;01/03/2014
O Neígeno da Amazônia oriental;01/03/2014
Apresentaçào do bumba-meu-boi;01/03/2014
A Tessitura de sentidos;01/03/2014
Evoluçào da polâtica do recolhimento compulsírio no Brasil pís-Real;02/03/2014
Curso básico de mecânica dos solos;02/03/2014
Cultivo sob condiçào irrigada;03/03/2014
Microsoft Windows NT Server 4.0;03/03/2014
Processo penal esquematizado;03/03/2014
Redes acadêmicas e produçào do conhecimento em educaçào superior;04/03/2014
O exame neurolígico do recém-nascido pré-termo nào complicado;04/03/2014
Introduction to petroleum seismology;04/03/2014
TI Gerenciamento de Projetos;05/03/2014
O desafio dos novos materiais;06/03/2014
Tratado de pediatria;07/03/2014
La crise religieuse;07/03/2014
Anais do III Encontro de Pesquisa em Educaçào do Centro-Oeste.-;07/03/2014
Cidadania e competitividade;08/03/2014
The behavior of the laboratory rat;09/03/2014
Os antigos cronistas e os rios Upanema Apodi e Mossorí;09/03/2014
Zé;11/03/2014
Statistics on the table;11/03/2014
Desempenho de clones diplíides e poliplíides de seringueira (Havea sp) no Sul da Bahia;11/03/2014
A mente e a memíria;13/03/2014
Baudelaire et le symbolisme;14/03/2014
The body in pain;15/03/2014
Análise de viabilidade técnica de utilizaçào da fibra de bananeira com resina sintética em;15/03/2014
Propriedades fâsicas do monocristal FeMgO(100) e estudo da expansào térmica da superfâcie;16/03/2014
System verification;16/03/2014
Do hospâcio à  comunidade;17/03/2014
Optimizing wireless communication systems;17/03/2014
Convective heat transfer;17/03/2014
?Qué es la filosofia?;17/03/2014
Gabriel tem 99 centâmetros;18/03/2014
Novas tecnologias e mediaçào pedagígica;19/03/2014
Mito e cultura;19/03/2014
A supremacia dos mercados e a polâtica econômica do governo Lula;21/03/2014
Tratado da metodologia da pesquisa clânico-qualitativa;23/03/2014
Bioética clânica;24/03/2014
Darwin:;24/03/2014
Como se faz humor polâtico;26/03/2014
The art computer systems performance analysis;27/03/2014
Celtic presence;27/03/2014
Sinopse estatâstica da educaçào superior;28/03/2014
Placental pathology;28/03/2014
Matemática discreta;29/03/2014
Polâtica habitacional e a integraçào urbana de assentamentos precários;30/03/2014
Logic, language, and meaning;30/03/2014
La volonté de puissance;31/03/2014
Magno, Paschoal Carlos;01/04/2014
Cibernética;01/04/2014
Maria Moisés e outras novelas;01/04/2014
Recomendações para uma polâtica pública de livros didáticos;03/04/2014
Polâticas públicas e meio ambiente;05/04/2014
Pís-colheita de frutas e hortaliças;05/04/2014
Ambiente pesqueiro e saúde;06/04/2014
Concentraçào da posse da terra e o Programa Nacional de Crédito Fundiário;06/04/2014
Menino sentindo mil coisas;07/04/2014
Análise da vulnerabilidade de NatalRN frente à s mudanças climáticas;07/04/2014
Nursing knowledge and theory innovation;09/04/2014
La pensee de Martin Heidegger;10/04/2014
Análise de viabilidade de injeçào de fluidos alternativos ao vapor em reservatírios de íle;10/04/2014
Big brain;11/04/2014
A confraria dos Espadas;11/04/2014
Estratégias de transiçào para o século XXI;12/04/2014
Repercussões da terapia comunitária no processo de trabalho na estratégia saúde da famâlia;13/04/2014
Economics of the firm;14/04/2014
O discurso de outrem em retextualizações;15/04/2014
Tratado de biofarmácia e farmacocinética;16/04/2014
A arte da tese;18/04/2014
Abacate para exportaçào;19/04/2014
Iniciaçào a ciência;19/04/2014
Gestào estratégica no terceiro setor;23/04/2014
Regulaçào no Brasil;24/04/2014
Anjo da morte;24/04/2014
De volta para os braços da rainha dos céus;26/04/2014
La biblioteca Real de Bélgica;26/04/2014
O julgamento de Jesus Cristo;29/04/2014
Ecocities;29/04/2014
Cídigo de processo civil comentados para concursos;30/04/2014
Orissa;30/04/2014
Redaçào para concursos;30/04/2014
Universidade a noite;01/05/2014
The Warreen sections;01/05/2014
Desenvolvimento nacional, desenvolvimento regional e moeda;02/05/2014
Perfil e competência do enfermeiro e o currâculo mânimo para a graduaçào em enfermagem;03/05/2014
Redaçào;04/05/2014
As aventuras da virtude;05/05/2014
Café conilon;06/05/2014
Direito constitucional econômico;06/05/2014
A new dictionary of music;07/05/2014
Polâtica nacional de saúde da pessoa portadora de deficiência;08/05/2014
Differential equations;09/05/2014
Sistemas de transportes e intermodalidade;10/05/2014
Festival de jazz e blues de Guaramiranga;10/05/2014
Estudios y ensayos;10/05/2014
Sobre falar merda;10/05/2014
Pís-histíria;11/05/2014
Terapia vivencial;11/05/2014
Alucinado som de tuba.;11/05/2014
Direito, Estado e filosofia;14/05/2014
Elementary fluid mechanics;15/05/2014
Diálogo (bio)polâtico;16/05/2014
Direito municipal brasileiro;16/05/2014
Campanhas jornalâsticas VI:;16/05/2014
Pé de sapo e sapato de pato;16/05/2014
Vade Mecum;18/05/2014
A escrita bastarda de Salman Rushdie;19/05/2014
Talking about computing and genomics TACG;19/05/2014
Introduction to electrodynamics;19/05/2014
Patrimônio documental e histíria institucional;20/05/2014
O banquete, ou, do amor;20/05/2014
The five people you meet in heaven;21/05/2014
Ensayos y control de los hormigones;21/05/2014
Pensadores y farsantes;21/05/2014
Análise de volatilidade, integraçào de preços e previsibilidade para o mercado brasileiro;22/05/2014
Observaçào à  superfâcie. -;23/05/2014
Ciência, tecnologia e sociedade e o contexto da educaçào tecnolígica;23/05/2014
Psichari, maà®tre de grandeur;25/05/2014
Rio Poxim;27/05/2014
Metamorphic petrology;28/05/2014
Meu cachorro é um elefante;29/05/2014
Música;29/05/2014
No jubileu de ouro do Colégio Sagrado Coraçào de Maria;30/05/2014
Image, music, text;30/05/2014
Crônica de uma cidade chamada Natal;30/05/2014
A brasileira de prazins;02/06/2014
Projeto de um transformador utilizado em uma planta de plasma;02/06/2014
Prova de esforço;02/06/2014
Programa nacional de melhoramento do Guzerá para leite;03/06/2014
Parasitologia animal;03/06/2014
Presentation zen;04/06/2014
Projeto Orla;04/06/2014
Histíria do cinema;04/06/2014
Diplomacia e polâtica de defesa;05/06/2014
Strategic IT portfolio management;07/06/2014
Dynamics of skill acquisition;07/06/2014
Manual de mecânica;08/06/2014
Fim do livro, fim dos leitores?;08/06/2014
O Panorama empreendedor na cidade de Itabuna-Bahia-regiào cacaueira;08/06/2014
Pode quem pensa que pode;10/06/2014
Pigmeus;10/06/2014
Politica e interesses na industrializaçào brasileira;11/06/2014
Alfabetizaçào de crianças e jovens;11/06/2014
A globalizaçào da natureza e a natureza da globalizaçào;12/06/2014
Mathematics for physics;12/06/2014
Silvino Bezerra;12/06/2014
Funçào quadrática;14/06/2014
Sete cavalos na Berlinda;14/06/2014
Music and the historical imagination;15/06/2014
Inovaçào e gestào;15/06/2014
Core HTML5 canvas;16/06/2014
Ensaios sobre José Lins do Rego;16/06/2014
Simulaçào de fluxo de fluidos em meios porosos desordenados;18/06/2014
Statistical models and methods for lifetime data;18/06/2014
Como quebrar cídigos;19/06/2014
A referência no design gráfico;19/06/2014
Distribuiçào espacial, formaçào de grupos, uso do habitat e ecologia comportamental de jov;19/06/2014
Filosofia brasileira;21/06/2014
Questões objetivas de direito tributário;21/06/2014
IIRSA - outro passo na pilhagem, exploraçào e (des)integraçào dos povos e territírios sul-;22/06/2014
O sal e a pecuária brasileira;22/06/2014
Biodigestor;23/06/2014
Ecological task analysis and movement;23/06/2014
àrea e volume da esfera;24/06/2014
Uma ciência moderna e imperial;24/06/2014
Braque;25/06/2014
O duplo e a metamorfose;25/06/2014
Foundations of modern cosmology;26/06/2014
O Que tem nesta venda?;26/06/2014
Quando Kidogo dorme;26/06/2014
Grupos humanos;27/06/2014
Relatos e retratos de Conceiçào da Barra;29/06/2014
Um perfil da TV brasileira;29/06/2014
Análise do comportamento mecânico de espumas cerâmicas a base de alumina obtidas pelo méto;29/06/2014
A Propaganda de medicamentos voltados à  clânica obstétrica eou ginecolígica e sua influên;30/06/2014
Histíria da lígica;30/06/2014
Brasil - Uniào Européia - América do Sul;01/07/2014
Anais [do] V Seminário Brasileiro sobre Homeopatia na Agropecuária Orgânica, 14 a 16 de no;01/07/2014
Quando a imprensa e noticia;01/07/2014
Uma cidade em transformaçào;01/07/2014
Diário de um banana:;03/07/2014
Mudanças revolucionárias nas empresas;04/07/2014
O pensamento geográfico brasileiro;05/07/2014
Maquiavel, a politica e o estado moderno;05/07/2014
Mastery of surgery;05/07/2014
Dicionário histírico de instituições de psicologia no Brasil;06/07/2014
Subjetividade e objetividade em Kierkegaard;07/07/2014
Análise de sobrevivência;07/07/2014
O Caráter tectônico do moderno brasileiro;07/07/2014
Prática forense trabalhista;07/07/2014
49Âº Congresso Internacional de Tecnologia Metalúrgica e de materiais;07/07/2014
Prêmio IPEA-CAIXA 2007;08/07/2014
Teoria Geral da Administraçào;09/07/2014
Retratos de cotidiano;09/07/2014
Controle externo;12/07/2014
A ultima nevoa;13/07/2014
Der weiss klang der wellen;13/07/2014
Fundamentaçào da experiencia em Miguel Reale;13/07/2014
Adiçào de vermiculita expandida micron em pastas de baixa densidade para cimentaçào de poç;15/07/2014
Polaritons in periodic and quasiperiodic structures;15/07/2014
Invertebrate structure and function;15/07/2014
A pequena empresa na busca da excelencia;17/07/2014
1984;18/07/2014
A practical guide to SysML;18/07/2014
O que é administraçào;19/07/2014
Participaçào e segurança pública no Brasil;20/07/2014
Fragmentos setecentistas;20/07/2014
Nutriçào e doença;21/07/2014
Curso de direito comercial;21/07/2014
Ligaçào de hidrogênio;21/07/2014
A constituiçào da identidade em crianças vâtimas de abuso sexual;23/07/2014
Obesidade infantil;23/07/2014
A cidade na praça;24/07/2014
Formaçào de professores de ciências;24/07/2014
A Mansào da Pedra Torta;24/07/2014
Manual para as instituições operadoras;24/07/2014
Advances in lubricant additives and tribology;26/07/2014
O Gênero Cyathus Haller: Pers. (Agaricales, Basidiomycota) em áreas de caatinga do nordest;26/07/2014
Clima organizacional e qualidade de vida no trabalho;26/07/2014
Investigaçào de paternidade, concubinato e alimentos;27/07/2014
Historia de la historiografâa moderna;27/07/2014
Eletrodinâmica;27/07/2014
Paraty;27/07/2014
Extensào universitária;28/07/2014
Reflexões sobre o socialismo;29/07/2014
A relaçào terapeuta-paciente;29/07/2014
Meninos, eu vi;29/07/2014
Diferente, mas nao desigual;29/07/2014
Displasia mamária;30/07/2014
Horticultura ao alcance de todos;31/07/2014
Cubatào;01/08/2014
Princâpios de sociologia;02/08/2014
Bâblia como se lê;03/08/2014
Mineralizaçào do gado bovino;03/08/2014
Por dentro do fruto a chuva;03/08/2014
Estatâstica;04/08/2014
Prevalência de sobrepeso e obesidade em escolares brasileiros;04/08/2014
As melhores seleções brasileiras de todos os tempos;04/08/2014
Annotated bibliography of textbooks and reference materials in marine sciences;05/08/2014
Filosofia del Quijote;06/08/2014
O Museu de Arte Moderna da Bahia;07/08/2014
Crise suicida;07/08/2014
Velocidade da marcha como preditor de fragilidade em uma amostra populacional de idosos br;09/08/2014
Notas a lapis sobre a arqueologia norte riograndense;09/08/2014
Caderno pedagígico;09/08/2014
Dublinesca;11/08/2014
Familles sans justice?;11/08/2014
Uma empresa e seus segredos;13/08/2014
Applied proof theory;13/08/2014
Estudo da viabilidade técnica para obtençào de superfâcie duplex em aço inoxidável martens;14/08/2014
Classical mathematical logic;14/08/2014
Terapêutica clânica no idoso;15/08/2014
A fábula da convivência;16/08/2014
Tesouro da fraseologia brasileira;16/08/2014
Crise e divida externa;17/08/2014
Brutalidade policial urbana no Brasil;18/08/2014
Histíria do direito;19/08/2014
Planar microwave engineering;19/08/2014
Civilizaçào e cultura;20/08/2014
O Brasil na crise;21/08/2014
The book as world;21/08/2014
Acesso a transferências de renda de programas sociais, 2006;22/08/2014
Renegociaçào e adaptaçào do contrato internacional;24/08/2014
Ilha Fiscal;24/08/2014
Publicidade infantil;25/08/2014
Astrobiologâa;25/08/2014
Trabalho e saúde na aviaçào;26/08/2014
O professor-performer;27/08/2014
Hermilo Borba Filho;27/08/2014
Fluxo energético estadual, 1983. -;30/08/2014
COBENGE 91;30/08/2014
Convergência ou divergência no desenvolvimento?;30/08/2014
Customer relationship management (CRM):;30/08/2014
Todo o mundo tem dúvida, inclusive você;02/09/2014
Miguilins no sertào da cabaça azul;02/09/2014
Biblioteconomia para concursos;02/09/2014
O mundo interior;03/09/2014
Naming infinity;03/09/2014
A gramatica da linguagem portuguesa;05/09/2014
Modelagem do clima de ondas e seus efeitos sobre as feições morfolígicas costeiras no lito;05/09/2014
Humanite et unite du droit essais de philosophie juridique;05/09/2014
O tratamento especial e diferenciado aos paâses em desenvolvimento;05/09/2014
Paralisia cerebral;07/09/2014
Um coraçào maior que o mundo:;08/09/2014
Conselhos gestores e participaçào sociopolâtica;08/09/2014
CorelDraw 11;09/09/2014
La revolucion en filosofia;09/09/2014
A aula de português no ensino médio;10/09/2014
Lei do inquilinato;11/09/2014
Proposta de manejo florestal sustentado do Sabiá (mimosa caesalpiniaefolia Benth);11/09/2014
Impactos tecnolígicos das parcerias da Petrobras com universidades, centros de pesquisa e;12/09/2014
A Arte da cozinha;13/09/2014
Resumos [do] XXXV Congresso Brasileiro de Quâmica, Salvador, 25 a 29 de setembro de 1995;13/09/2014
O macaco e a velha;14/09/2014
Theory of viscoelasticity;15/09/2014
Circuitos prácticos con relés;17/09/2014
An introduction to information theory;17/09/2014
Ernest Psichari;18/09/2014
Faces do design 2;18/09/2014
Cultivo prático de cactáceas;18/09/2014
Introduçào ao sensoriamento remoto;19/09/2014
Seleçào de materiais no projeto mecânico;19/09/2014
Joker;19/09/2014
Antologia da poesia barroca brasileira;20/09/2014
Biological physics;21/09/2014
O Visconde de Taunay e os fios da memíria;22/09/2014
Técnicas de ensino;22/09/2014
Dançando à s avessas;24/09/2014
Projeto limousin;25/09/2014
Princâpios para a prática da psicologia clânica em hospitais;25/09/2014
Voice tradition and technology;26/09/2014
Chico Buarque;26/09/2014
Le problà¨me de l'amour chez saint Thomas d'Aquin;27/09/2014
Analisis de estados financieros;29/09/2014
Seu corpo, sua histíria;29/09/2014
Creative music composition;29/09/2014
Asi hablaba Zaratustra;29/09/2014
Quinta de Sào Romualdo;30/09/2014
Tem um monstro no meu jardim;30/09/2014
Gestào pública;01/10/2014
Logging and log transport in tropical hight forest;01/10/2014
Leonardo da Vinci;01/10/2014
Conselho Federal de Economia;01/10/2014
PERT custo;02/10/2014
A eficácia jurâdica na defesa do consumidor;02/10/2014
Mini Larousse do universo;03/10/2014
Lâderes de opiniào no ambiente mediático;04/10/2014
Modelos de despachos e sentenças;05/10/2014
Insônia;05/10/2014
Histíria geral das ciencias;06/10/2014
Outras verdades, muito extraordinárias, do Grande Sertào;09/10/2014
Logic and contemporary rhetoric;10/10/2014
Como ser feliz apesar de tudo;14/10/2014
Carlota Joaquina na corte do Brasil;15/10/2014
Curso de processo civil;15/10/2014
O que cabe no meu mundo;15/10/2014
Comunicacion escrita;16/10/2014
Perdido e nào perdido, achado e nào achado;16/10/2014
Fisioterapia neonatal e pediátrica;16/10/2014
Por uma lexicografia bilângue contrastiva;17/10/2014
Gestào de custos aplicada ao setor público;17/10/2014
Uma introduçào a sociologia;17/10/2014
A relaçào professor-aluno;18/10/2014
A economia das trocas linguâsticas;18/10/2014
Casais que nào casam;18/10/2014
à‰tica é o melhor negício;18/10/2014
Fundamentos de circuitos elétricos;20/10/2014
O negro e a igreja catolica;20/10/2014
Panorama da comunicaçào coletiva;20/10/2014
O Corpo humano;20/10/2014
XXXI Reuniào Anual da ANPED, Caxambu, 19 a 22 de outubro de 2008 Resumos.;21/10/2014
Trajetíria e estado da arte da formaçào em engenharia, arquitetura e agronomia;21/10/2014
Construçào de edificios e obras publicas em climas quentes;22/10/2014
Theory of elasticity;23/10/2014
Confef 10 anos;23/10/2014
Psicologia e direitos humanos;24/10/2014
Polâtica nacional de museus;24/10/2014
Introduçào a álgebra linear;25/10/2014
Já dizia minha aví;26/10/2014
Probiíticos e prebiíticos em alimentos;27/10/2014
Comunicaçào, educaçào e democracia no legislativo brasileiro;27/10/2014
Comentários à s recentes reformas do cídigo de processo penal e legislaçào extravagante co;27/10/2014
Musica popular brasileira;27/10/2014
Concentraçào;27/10/2014
Teoria de antenas;28/10/2014
Análise diagnística da polâtica nacional de saúde para reduçào de acidentes e violências;28/10/2014
Os descaminhos do Sào Francisco;30/10/2014
Resumos do XXXII Congresso Brasileiro de Quimica [e] V Jornada Brasileira de Iniciaçào Cie;30/10/2014
Alain-Fournier;31/10/2014
Handbook of magnetism and advanced magnetic materials;01/11/2014
Tastevin, Parrissier;01/11/2014
Reabilitaçào estética em dentes tratados endodonticamente;02/11/2014
Microsoft Visual C# 2005 in 24 hours;06/11/2014
Macrozoneamento costeiro;06/11/2014
Ciranda e prestaçào de serviços;06/11/2014
Potencial evocado de Spehlmann;07/11/2014
O que é natureza;08/11/2014
Investimentos inteligentes;09/11/2014
Libre estética;10/11/2014
Para compreender o Islà;11/11/2014
Marte e Vênus juntos para sempre;12/11/2014
Gestào de projetos;12/11/2014
Manual de irrigaçào;12/11/2014
Piaget e a intervençào psicopedagígica;14/11/2014
Era uma vez um conto;14/11/2014
A questào da moradia, o estado e a sociedade;14/11/2014
Amores e sonhos da flora;15/11/2014
Conceitos de linguagens de programaçào;15/11/2014
Um estudo em vermelho;15/11/2014
O Corpo na experiência do ator;16/11/2014
Sociologia empârica do lazer;16/11/2014
Reforma administrativa e gestào de polâticas sociais em Mossorí;16/11/2014
Fundamentals of queueing theory;17/11/2014
Problemas? Mas que problemas?!;17/11/2014
Quem engana quem?;18/11/2014
De um fragmento ao outro:;19/11/2014
Otolina e a gata amarela;20/11/2014
Curso completo de direito constitucional;21/11/2014
O enigma do Coronel Fawcett;21/11/2014
Raciocinio logico e matemático;23/11/2014
O pragmatismo do petríleo;23/11/2014
O publicitário legal;23/11/2014
Migraciín y polâticas sociales en América Latina;25/11/2014
A água;25/11/2014
Assassinato no Clube Diígenes;26/11/2014
Em nome dos outros;26/11/2014
Modern algebra and the rise of mathematical structures;26/11/2014
Bibliografia de e sobre Tercio Rosado Maia, no Boletim Bibliográfico e na Coleçào Mossoroe;27/11/2014
Capacitaçào para gestores em recursos hâdricos.;30/11/2014
La philosophie modern;02/12/2014
Memírias;03/12/2014
Corporeidade e formaçào docentes;03/12/2014
Estírias que dadá contava;03/12/2014
Freud;04/12/2014
Eva Braun;04/12/2014
Manual de gestào das cooperativas;04/12/2014
O princâpio da razào durante;05/12/2014
The perspectives of psychiatry;06/12/2014
Fish catching methods of the world;06/12/2014
Introduçào a sistemas de bancos de dados;07/12/2014
Enfim sos! -;08/12/2014
"""Biologia alimentar e morfohistologia do tubo digestírio do Mussum, Synbranchus marmoratus";09/12/2014
Cages of reason;10/12/2014
A Santa Missa em cordel;12/12/2014
República da Bolâvia;13/12/2014
Seminário Nacional Sobre a Reforma Tributária, Recife, 8 e 9 de dezembro de 1998;13/12/2014
Educaçào à  distância e material didático;13/12/2014
Chaves para ler Anisio Teixeira;13/12/2014
Filosofia;14/12/2014
Remote sensing applications in meteorology and climatology;15/12/2014
Contrato e direitos fundamentais;17/12/2014
A produçào de castanha de caju e a dinâmica socioespacial do municâpio de Caraúbas-RN;17/12/2014
Avaliaçào de empresas;17/12/2014
Numerical methods for unconstrained optimization;17/12/2014
A propriedade e um roubo;18/12/2014
As ciências da educaçào e a prática pedagígica;18/12/2014
Semiconductor devices, physics and technology;19/12/2014
A invasào farmacêutica;20/12/2014
Territírio e territorialidade negra quilombola em Coqueiros-BA;20/12/2014
Metrípole das mandingas;21/12/2014
A filosofia contemporânea do direito;23/12/2014
Revisào do contrato;23/12/2014
Administraçào pública;24/12/2014
Parceria e risco na agricultura do Nordeste;25/12/2014
Terapia nutricional no paciente grave;26/12/2014
Práticas educativas escolares ancoradas à s mâdias tecnolígicas;27/12/2014
Sergio Rodrigues;27/12/2014
Por uma razào tensa;28/12/2014
VIII Congresso Internacional, XIV Seminário Nacional do INES, Rio de Janeiro, 23 a 25 de s;28/12/2014
Serviço Social Audit Saúde no SUSRN;28/12/2014
Conte outra vez;28/12/2014
Mapa de conteúdos e mapa de dependência;29/12/2014
A Manta do soldado;29/12/2014
O Leitor universitário e a construçào das práticas de ler e escrever textos impressos e di;30/12/2014
Estudo sobre a reduçào aluminotérmica de Ta2O5 e TiO2 usando descarga de cátodo oco;31/12/2014
Universidade pública;01/01/2015
Deficiências sensoriais e incapacidades fâsicas;01/01/2015
Imunologia;02/01/2015
Se liga no som;02/01/2015
Tropical freshwater wetlands;03/01/2015
Princâpios de anatomia e fisiologia em fonoaudiologia;04/01/2015
Localizaçào de faltas em linhas de transmissào de múltiplos terminais a partir de registro;04/01/2015
Método lígico para redaçào cientâfica;04/01/2015
Ciencia para la paz y el desarrollo;05/01/2015
Digital signal processing and the microcontroller;05/01/2015
Sândrome de Burnout;08/01/2015
Colonizaçào e trabalho no Brasil;09/01/2015
Histíria da beleza;10/01/2015
The ecology of plants;10/01/2015
Os carolinos;10/01/2015
Educaçào superior;11/01/2015
La persecuciín religiosa y la iglesia independiente del estado ateo;11/01/2015
Dinheiro e felicidade nos contos de fada, nas narrações mâticas e na polâtica;12/01/2015
Distribuiçào de germânio em frações densimétricas de carvões;12/01/2015
Vida e paixào de Pandonar, o Cruel;13/01/2015
O despertar da intuiçào;13/01/2015
Por que os clientes nunca fazem o que você gostaria que eles fizessem... e o que fazer a r;13/01/2015
Aconselhamento em HIVAIDS;13/01/2015
Proposta de intervençào para auxiliar a reabilitaçào motora e cognitiva de pacientes com a;14/01/2015
Desenvolvimento de substrato cerâmico BiNbO4 para antenas de microfita de sistemas de comu;14/01/2015
Mapeando a Terra e o universo;15/01/2015
Projeto geométrico de rodovias;15/01/2015
A revision of the recent Xenophoridae of the world and of the Australian fossil species (M;16/01/2015
Clânica y terapéutica quirúrgica;16/01/2015
O princâpio constitucional da reduçào das desigualdades regionais e os campos maduro-margi;16/01/2015
0 Grupo Escolar modelo Augusto Severo (1908-1928);19/01/2015
Simulaçào computacional da interaçào fluido-estrutura em bombas de cavidades progressivas;20/01/2015
Computational intellingence;20/01/2015
A nutriçào do atleta adolescente;21/01/2015
La metaphysique de Royce;24/01/2015
Igualzinho;25/01/2015
El intelectual y su mundo;25/01/2015
Reciclagem do vidro;26/01/2015
Writings on music, 1965-2000;26/01/2015
Os Três porquinhos;26/01/2015
Desempenho aeríbio e controle autonômico cardâaco em idosas praticantes de Tai Chi Chuan e;26/01/2015
Translational perspectives in auditory neuroscience;27/01/2015
Enxaqueca;27/01/2015
A histíria do sabor;28/01/2015
O ofâcio de professor;29/01/2015
Controle de atitude e altitude para um veâculo aéreo nào tripulado do tipo quadrirrotor;30/01/2015
Anais [do] III Congresso Brasileiro de Histíria da Educaçào Educaçào Escolar em Perspectiv;30/01/2015
Tempo de ensaio;30/01/2015
Lições propedêuticas de filosofia do direito;31/01/2015
Calma;01/02/2015
Por detras da violencia um olhar sobre a cidade;01/02/2015
Gramática na escola;01/02/2015
A Relaçào de Euler para poliedros;02/02/2015
àlgebra para graduaçào;04/02/2015
Arte contemporânea;04/02/2015
Um cordel para Luiz Gonzaga, o menestrel do sertào;05/02/2015
Contabilidade introdutíria;05/02/2015
Teoria do direito e do Estado;06/02/2015
O essencial do português;07/02/2015
A estrela que queria ser quente;07/02/2015
Tango:;08/02/2015
Cérebro esquerdo, cérebro direito;08/02/2015
Contextualized practices in EFL teaching and assessment;09/02/2015
Aspectos jurâdicos da clonagem reprodutiva de seres humanos;09/02/2015
Praticar e consultar a gramática;09/02/2015
Petrografia macroscípica das rochas âgneas, sedimentares e metamírficas;10/02/2015
Introduction to special relativity;11/02/2015
Terceira metade;11/02/2015
Opiniào pública e polâtica exterior do Brasil (1961-1964);12/02/2015
The importance of being fuzzy;12/02/2015
Territírio brasileiro;12/02/2015
Neuroética, direito e neurociência | |c;14/02/2015
Royalties de petríleo e federaçào;14/02/2015
Reformas administrativas no Brasil;14/02/2015
Institutas do imperador Justiniano;15/02/2015
O cultivador de amizades;17/02/2015
Fazendo e aprendendo pesquisa qualitativa em educaçào;17/02/2015
Em busca da terra da promissào;17/02/2015
Nicolas Malebranche;18/02/2015
Reforma do judiciário;18/02/2015
Tarsila do Amaral;20/02/2015
Fortaleza dos Reis Magos;20/02/2015
Infância ferida;21/02/2015
Avaliaçào de polâticas urbanas:;21/02/2015
Obrigações e contratos;22/02/2015
Tiradentes;23/02/2015
Philosophers without gods;26/02/2015
Envelhecimento e trabalho no tempo do capital;26/02/2015
As 10 faces da inovaçào;27/02/2015
Criminalâstica;27/02/2015
A imagem da marca;28/02/2015
O homem da mào seca;01/03/2015
Inter-ações pessoa-ambiente;01/03/2015
Livro de resumos do I Encontro Norte, Nordeste e Centro-Oeste sobre formaçào docente para;02/03/2015
Harry Potter e a Ordem da Fênix;02/03/2015
Stating behavioral objectives for classroom instruction;03/03/2015
Educaçào fâsica escolar por uma cultura desportiva;03/03/2015
Imagens lúdicas;04/03/2015
O vampiro Lestat;05/03/2015
Infecções orais e maxilofaciais;05/03/2015
Cultura organizacional;05/03/2015
Projeto, construçào e análise de eficiência térmica de um sistema de aquecimento solar de;06/03/2015
Essentials of writing biomedical research papers;06/03/2015
Abjeçào e desejo;06/03/2015
Handbook of neurosurgery;07/03/2015
Los procesos metacognitivos en la comprensiín de las prácticas de los estudiantes cuando r;07/03/2015
Terceirizaçào;08/03/2015
Desigualdade de oportunidades no Brasil;08/03/2015
Atuaçào da escola frente à  violência;08/03/2015
Turismo:;09/03/2015
Historia de la filosofia espaà±ola.;09/03/2015
Desenvolvimento da personalidade;09/03/2015
Teoria da usinagem dos materiais;10/03/2015
Pediatric endocrinology;11/03/2015
Parto e nascimento domiciliar assistidos por parteiras tradicionais;12/03/2015
Gestào estratégica;13/03/2015
O condutor defensivo;15/03/2015
O vampiro que ri;15/03/2015
A history of publicly held companies in Brazil;15/03/2015
Mathematical logic in the 20th century;15/03/2015
Design it yourself graphic workshop;16/03/2015
Por que os homens mentem e as mulheres choram?;16/03/2015
Você;17/03/2015
Chaves para o imaginário;17/03/2015
A Didática em questào;18/03/2015
Interesses difusos e coletivos;18/03/2015
O liberalismo igualitário;19/03/2015
As cartas do caminho sagrado;19/03/2015
The calculi of lambda-conversion;20/03/2015
A fisiologia do gosto;21/03/2015
O Municâpio na Constituiçào de 1988;22/03/2015
Nutriçào e adubaçào de tubérculos;22/03/2015
Curso de direito constitucional positivo;23/03/2015
àgua;24/03/2015
Mecânica dos fluidos;24/03/2015
O Prâncipe;26/03/2015
The Carolingian empire;27/03/2015
A tour through mathematical logic;27/03/2015
Capacitar;30/03/2015
O uso da epidemiologia social na enfermagem de saúde coletiva;30/03/2015
Mudança dos processos de negícios e adequaçào da Ti nas empresas em decorrência da implant;30/03/2015
Leitor, leitora;30/03/2015
"""Representações sociais do """"ser idoso"""" e suas implicações na assistência e nas práticas";30/03/2015
Dios y la filosofia;30/03/2015
Análise fitoecolígica do manguezal e ocupaçào das margens do estuário hipersalino ApodiMos;31/03/2015
Antonin Artaud;01/04/2015
XXIV Bienal Internacional de Sào Paulo, 1998 Japào;01/04/2015
Introduçào à  filosofia védica;02/04/2015
Qualidade em obras públicas;02/04/2015
Psicologia;03/04/2015
Informaçào fluida e conhecimento no ciberespaço;03/04/2015
Actas del II Congreso Internacional sobre los Dominicos y el Nuevo Mundo;04/04/2015
Auschwitz explicado à  minha filha;05/04/2015
Estatuto do idoso e normas correlatas;06/04/2015
Para ler Raymond Williams;06/04/2015
Encontros com o Brasil;06/04/2015
Manual de tipografia;06/04/2015
Computational intelligence;06/04/2015
O milho;07/04/2015
Uma histíria de Deus;09/04/2015
Podcast na educaçào brasileira;09/04/2015
Parece... mas nào é!;09/04/2015
Otorrinolaringologia pediátrica;10/04/2015
Breviário do coronel Francisco Heráclio do Rêgo;10/04/2015
Quantum physics;11/04/2015
Frederic Skinner;11/04/2015
Color design workbook;11/04/2015
La inteligencia se construye usándola;12/04/2015
Atlas de colposcopia;12/04/2015
Auditoria ambiental;13/04/2015
Regional development and conflict management;15/04/2015
Incompleteness in the land of sets;16/04/2015
Homem nào chora;16/04/2015
Melhoramento e produçào de milho;16/04/2015
Les effets des arrêts de la Cour interaméricaine des droits de l'homme;16/04/2015
Histíria como histíria da liberdade;16/04/2015
Estatuto da criança e do adolescente comentado;16/04/2015
Lei de diretrizes e bases da educaçào;17/04/2015
O crime do estudante Batista;17/04/2015
How to sing;17/04/2015
Amazonas, pátria da água;17/04/2015
O mestre da sensibilidade;18/04/2015
The mathematics of collective action;18/04/2015
A new kind of science;19/04/2015
Processo tributário;19/04/2015
Maritain, un maà®tre pour notre temps;20/04/2015
Bioquâmica ilustrada;21/04/2015
San Agustân;21/04/2015
O discurso autobiográfico nos relatos de viagem de Nâsia Floresta;22/04/2015
Sistema inteligente para diagnístico de patologias na laringe utilizando máquinas de vetor;22/04/2015
Levantamento e avaliaçào das polâticas federais de transporte e seus impactos no uso do so;22/04/2015
Anais do ENBEQ'97;25/04/2015
Métodos de pesquisa em psicologia;25/04/2015
Os cangaceiros;25/04/2015
Reforma monetária;25/04/2015
O corpo Pilates;25/04/2015
Gerência de projetos de software;26/04/2015
Desenvolvimento de um sistema para aplicaçào dos conceitos da tecnologia CAD3D-BIM na indú;27/04/2015
Eu hei-de amar uma pedra;28/04/2015
Aboliçào;28/04/2015
Historia universal del cine;28/04/2015
The great funnies;29/04/2015
Fâsico-quâmica;29/04/2015
A reforma da reforma;01/05/2015
Meio ambiente e sustentabilidade no semiárido;02/05/2015
Eutonâa;03/05/2015
O romance, v.1:;03/05/2015
Comentários à  lei da cédula de produto rural;03/05/2015
Educaçào especial em debate;04/05/2015
El jardin de infantes;05/05/2015
Histoire de l'impressionnisme;05/05/2015
Voz e corpo na TV;05/05/2015
Frankenstein, ou, O moderno prometeu;05/05/2015
Histíria do corpo;06/05/2015
Artes marciais mistas;06/05/2015
Amor;06/05/2015
Mistica do sexo;07/05/2015
Pré-cálculo;08/05/2015
Origin of matter & evolution of galaxies 2003;08/05/2015
Transforming qualitative information;08/05/2015
Impressionistas e pís-impressionistas;09/05/2015
Antologia de textos pedagígicos do século XIX português;11/05/2015
Molecular markers, natural history, and evolution;12/05/2015
Coletanea de artigos tecnicos;13/05/2015
Edital FNMA NÂº 072001;14/05/2015
Vamos brincar de escola?;15/05/2015
Histíria da Revoluçào Liberal de 1842;15/05/2015
Que bicho será que fez a coisa?;16/05/2015
Esta é Silvia;17/05/2015
Programas de saude;18/05/2015
Análise in vitro da atividade antifúngica e de toxicidade da anfotericina B pré-aquecida;19/05/2015
Por que os homens amam as mulheres poderosas?;20/05/2015
Projeto Jequitinhonha, Estados de Minas Gerais e Bahia;20/05/2015
Como entender o mundo dos negocios;20/05/2015
Influência das espécies do plasma de N2+02 nas propriedades fâsico-quâmicas das sueprfâcie;22/05/2015
àtomo e natureza;23/05/2015
Manual de retírica literária;24/05/2015
Lacrimae rerum;24/05/2015
Calculus for the natural and social sciences;26/05/2015
Por amor ao futebol!;26/05/2015
Histologia;27/05/2015
Curso de mercado financeiro;27/05/2015
Metodologia para simulaçào de elementos climáticos em planilha eletrônica;27/05/2015
Profetas da chuva;29/05/2015
Quimica basica teoria e experimentos;30/05/2015
O enigma do pássaro de pedra;30/05/2015
Neve de primavera;30/05/2015
Formaçào do Brasil Colonial;30/05/2015
Teoria de la musica;30/05/2015
Agronegícios e desenvolvimento sustentável;01/06/2015
Pequeno vocabulário português-tupi;02/06/2015
O vira-lata Filé;03/06/2015
Histology and cell biology;04/06/2015
A pessoa humana no mistério do mundo;05/06/2015
The earth's ionosphere;06/06/2015
Aggregation functions;07/06/2015
O povo do lago;08/06/2015
Obrigado por tudo!;08/06/2015
Noções básicas para o residente em cirurgia cardâaca;08/06/2015
Homem em queda;09/06/2015
Philosophie generale;09/06/2015
Amazônia, esperança do planeta;09/06/2015
Eu chovo, tu choves, ele chove _;09/06/2015
Atkins' physical chemistry;11/06/2015
Introduçào à  pesquisa operacional;11/06/2015
Cartas brasileiras (1809-2000);11/06/2015
Vade mecum acadêmico de direito Rideel;13/06/2015
Polâtica, cultura e classe na Revoluçào Francesa;13/06/2015
Jitirana;14/06/2015
O casamento da Bruxa Onilda;14/06/2015
A estrutura do romance;15/06/2015
Tarcâsio Maia;15/06/2015
Sexo com amor;15/06/2015
O mundo do renascimento;16/06/2015
Livro de papel;16/06/2015
Integrais de linha intervalares;18/06/2015
Christianisme et democratie;18/06/2015
Direito empresarial;19/06/2015
Terapia intravenosa;20/06/2015
Educaçào fâsica inclusiva na escola;20/06/2015
Guinness World Records, 2011;23/06/2015
Los verbos espaà±oles;23/06/2015
O menino;24/06/2015
Tropical forage plants;25/06/2015
Adolescência, psicanálise e educaçào;25/06/2015
A concretude do fenômeno turismo e as cidades-patrimônio-mercadoria;25/06/2015
Segurança pública;26/06/2015
David Baker's Arranging & composing;27/06/2015
Transcomunicaçào;28/06/2015
A águia pousou;28/06/2015
Prática desportiva e qualidade de vida de crianças do bairro de Nova Descoberta;28/06/2015
Estrelas, cúmulos e galáxias. -;29/06/2015
Circuitos espaciais de produçào da atividade boneleira;30/06/2015
Eu tenho um amigo-;30/06/2015
De fato e de direito;01/07/2015
La etica protestante y el espiritu del capitalismo;02/07/2015
Implementaçào da polâtica de assistência social em MossoríRN;02/07/2015
L'adolescent et les sports;03/07/2015
A dieta do abdômen;03/07/2015
Técnicas de oratíria;04/07/2015
Biologia da conservaçào;04/07/2015
Patologia vegetal practica;05/07/2015
150 testes selecionados de direito administrativo. -;05/07/2015
Drums;06/07/2015
Cuadernos de fisiologia normal y patologica;07/07/2015
O Circuito inferior da economia urbana em Mossorí;10/07/2015
Djanira;10/07/2015
A questào das drogas nas relações internacionais:;11/07/2015
Error coding for arithmetic processors;11/07/2015
Nossa gramática;11/07/2015
Electromagnetic compatibility in power electronics;13/07/2015
O ázimo do Siào;13/07/2015
Bases para a transformaçào;14/07/2015
Macbeth;15/07/2015
O trabalho do psicílogo no abrigo institucional;17/07/2015
Structure formation in the universe;17/07/2015
A propriedade e a posse:;18/07/2015
Introduction to robotics;19/07/2015
A Respiraçào e a 1Âª lei da termodinâmica ou- a alma da matéria;20/07/2015
Questões de direito positivo;20/07/2015
Joaquim Nabuco;21/07/2015
A saúde de nossos filhos;22/07/2015
Folclore fantástico;22/07/2015
Mass transfer fundamentals and applications;23/07/2015
Metodologia para formaçào de gestores de polâticas públicas;23/07/2015
A forma fâsica total em 30 minutos por semana;26/07/2015
Vade Mecum Saraiva;26/07/2015
Licitações e o estatuto da microempresa e empresa de pequeno porte;26/07/2015
Psicoterapia individual e a ciência da psicodinâmica;27/07/2015
Lolita;27/07/2015
A segunda Guerra Fria;27/07/2015
China;28/07/2015
Introduçào a engenharia quâmica;28/07/2015
Serviço geolígico do Brasil;29/07/2015
Probability and statistics with reliability, queuing, and computer science applications;30/07/2015
Anais [do] VI Simpísio Nordestino de Alimentaçào de Ruminantes;01/08/2015
Panorama da comunicaçào e das telecomunicações no Brasil;02/08/2015
Biologia;03/08/2015
A inquisiçào na Espanha;06/08/2015
Ações regressivas acidentárias;07/08/2015
Encurtando distâncias;07/08/2015
A reconciliaçào do Brasil com o mar;07/08/2015
Desempenho dos serviços de atençào primária do municâpio de NatalRN para o diagnístico e c;09/08/2015
Anais do VI Simpísio Luso-Brasileiro de Engenharia Sanitaria e Ambiental;09/08/2015
Saberes e fazeres em construçào;10/08/2015
Sistema brasileiro de classificaçao de terras para irrigaçao;11/08/2015
Teoria semiítica do texto;11/08/2015
Luz para Todos;13/08/2015
àgua boa;13/08/2015
Nova geraçào de polâtica em ciência, tecnologia e inovaçào;13/08/2015
Anais [do] 7. Seminário Brasileiro sobre Homeopatia na Agropecuária Orgânica,06 a 07 de ag;16/08/2015
Mélanges;18/08/2015
COBENGE 89;19/08/2015
Estética do sertào;19/08/2015
O vale do Sào Francisco;19/08/2015
Literatura portuguesa e brasileira;19/08/2015
Dinâmica;20/08/2015
Teoria do Estado;20/08/2015
Itinerário musical do Nordeste;20/08/2015
The world until yesterday;21/08/2015
Lágrimas de compaixào;22/08/2015
Análise aerodinâmica de perfis de asa para aeronaves experimentais tipo JN-1;23/08/2015
Em busca do sentido da obra de Jean Piaget;23/08/2015
Soberania & processos de integraçào;24/08/2015
A música do tempo infinito;25/08/2015
Risâveis amores;25/08/2015
Retalhos e remendos;26/08/2015
Cídigos penal, processo penal e constituiçào federal;26/08/2015
Agricultura e crescimento;27/08/2015
O pacto imperial;27/08/2015
Repertírio enciclopédico do direito brasileiro;30/08/2015
Vasos de pressào;30/08/2015
Computer security;30/08/2015
Mecânico rural de manutençào. -;30/08/2015
A lígica do mercado;31/08/2015
A Casa que Pedro fez;02/09/2015
Geobiology;02/09/2015
Adequaçào ambiental dos postos de combustâveis de Natal e recuperaçào da área degradada;03/09/2015
Fisiopatologia do ciclo menstrual;05/09/2015
Como resolver pequenos conflitos no trabalho;06/09/2015
Câncer de boca e orofaringe;06/09/2015
Adriana Varejào;07/09/2015
O tao das finanças;08/09/2015
Pedrào, o campeào;08/09/2015
Psicologia do envelhecimento;08/09/2015
Violência;11/09/2015
Ulysses;12/09/2015
Tancredo Neves;13/09/2015
Autocura I;15/09/2015
La Dialectica metodo de la filosofia;16/09/2015
Proteçào constitucional do consumidor no âmbito da regulaçào publicitária;17/09/2015
Polâtica social e democracia;18/09/2015
A Aprendizagem de inglês mediada por jogos eletrônicos do tipo MMORPG;18/09/2015
Network analysis;19/09/2015
O livro;19/09/2015
Exploraçào sexual de meninas e adolescentes no Brasil;19/09/2015
O delârio segundo Freud e Jung;20/09/2015
Liberdade e negaçào da vontade;20/09/2015
Actuarial modelling of claim counts;21/09/2015
José do Patrocânio;22/09/2015
Fuzzy topology;23/09/2015
Trabalho e populaçào em situaçào de rua no Brasil;23/09/2015
O feminino em Atenas;23/09/2015
Uma nova tecnologia no pensamento de Herbert Marcuse;24/09/2015
La garantia de los valores hipotecarios;25/09/2015
Socrate;26/09/2015
Anais do;27/09/2015
Maré amarelinha;27/09/2015
Baboon metaphysics;27/09/2015
Sistema especialista fuzzy para dimensionamento de bombeio eletrônico;27/09/2015
A excelência do consírcio;29/09/2015
De castelo em castelo;30/09/2015
Encontro Internacional de Audiologia;02/10/2015
Dicionário prático português-russo;02/10/2015
Contratos mercantis;02/10/2015
Histíria das sociedades americanas;02/10/2015
Atualidades de direito civil;02/10/2015
Sistemas nacionales de ciencia, tecnologia e innovacion en América Latina y el Caribe;03/10/2015
Histíria concisa do Brasil;03/10/2015
Essas pessoas na sala de jantar;03/10/2015
Neoliberalismo, educaçào e emprego;04/10/2015
Aspectos cardiolígicos em terapia intensiva neonatal e pediátrica;04/10/2015
Diagnístico do macrozoneamento ecolígico-econômico sustentável da bacia do Rio Sào Francis;04/10/2015
Polâtica e planejamento de turismo no Brasil;05/10/2015
Prisào e medidas cautelares;06/10/2015
Deus no espelho das palavras;07/10/2015
Eu sou da América do Sul;08/10/2015
Mathematics magic and mystery;09/10/2015
Histírias da Biblia. -;09/10/2015
A caminho da agenda 21;09/10/2015
Legislaçào penal especial;10/10/2015
Estudo do comportamento no estado fresco e endurecido do concreto com incorporaçào de resâ;10/10/2015
O amor que acende a lua;12/10/2015
Racismo de estado:;13/10/2015
De la grace et de l'humanite de Jesus;13/10/2015
Gerenciar a inovaçào;13/10/2015
Planificaciín territorial del turismo;14/10/2015
Images;14/10/2015
A bibliography of mustelids;16/10/2015
Comentários à  lei de licitações e contratos administrativos;16/10/2015
As elites agressivas;16/10/2015
The confessions of Proinsias O'Toole;16/10/2015
Diagnístico por imagem em pediatria e neonatologia;17/10/2015
Novo curso de direito civil;18/10/2015
Anais do 1Âº Simpísio Nacional sobre Tungstenio;18/10/2015
Epidemiologia nutricional;19/10/2015
Arte barroca brasileira;21/10/2015
Avaliaçào de inbidores verdes microemulsionados na inibiçào à  corrosào do aço carbono AIS;22/10/2015
Formal and transcendental logic;23/10/2015
Os rios e a floresta;23/10/2015
A dimensào educativa do Serviço Social;24/10/2015
Estatuto da crianca e do adolescente comentado;24/10/2015
Arche Tupi;25/10/2015
Efeitos do regime de fogo sobre a estrutura de comunidades de Cerrado;26/10/2015
A ascensào do dinheiro;27/10/2015
Shakespeare;29/10/2015
O misterioso homem de Macapá;01/11/2015
Processo produtivo de pís-larvas de camarões penaeâdeos;01/11/2015
O modo de ser camponês e a propriedade da terra entre camponeses;02/11/2015
Reflexões linguâsticas e literárias aplicadas ao ensino;02/11/2015
Estuarine chemistry;02/11/2015
Dimensões;04/11/2015
O bailado esportivo;05/11/2015
Pasos de un peregrino;05/11/2015
Legislaçào aplicada ao controle da poluiçào;06/11/2015
Politician's dilemma;07/11/2015
O mundo e eu;08/11/2015
Formaçào de professores e estágios supervisionados;09/11/2015
Ferrovias inglesas e mobilidade social no nordeste (1850-1900);09/11/2015
Organizaçào de eventos;10/11/2015
O misterioso rapto de Flor-do-Sereno (;10/11/2015
A casa sonolenta;11/11/2015
Hugo de Carvalho Ramos trechos escolhidos;12/11/2015
A imensidào dos sentidos;13/11/2015
Polâtica nacional de biodiversidade;14/11/2015
Processo penal;14/11/2015
Morfologia y estructura del margen continental del Ecuador;16/11/2015
Inclusào escolar de crianças com Sândrome de Down;16/11/2015
Manual elementar de direito hebraico;16/11/2015
